x_0,x_1,x_2,x_3,x_4,x_5,x_6,x_7,x_8,x_9,x_10,x_11,x_12,x_13,x_14,x_15,x_16,x_17,x_18,x_19,x_20,x_21,x_22,x_23,x_24,x_25,x_26,x_27,x_28,x_29,y
0.731169,-0.102139,0.677294,0.579086,-0.932328,-0.672177,-0.378949,-0.076228,0.605445,-1.067077,0.81873,0.225807,0.730342,0.70935,-0.614889,-0.5932,-0.242302,0.128476,0.782694,-1.498069,0.651924,-0.655801,0.613809,0.618752,-0.667687,-0.583942,-0.412265,-0.091833,0.29031,-0.459161,0
0.012593,0.843983,0.066684,-0.095249,0.470421,0.307478,0.226498,0.6379,-0.295659,0.531115,0.083133,0.111781,0.103427,-0.035236,0.082532,0.184948,0.063788,0.244291,0.246006,0.156275,-0.417485,1.15056,-0.242594,-0.296739,0.321353,0.194041,0.043644,0.396418,-0.717063,0.248547,0
1.640261,1.324372,1.570869,1.389484,-0.200268,0.555572,0.470692,1.531701,0.598974,-0.422591,1.724735,1.75469,1.718907,1.647051,0.191415,1.185586,0.945398,2.001119,0.231402,-0.368238,2.060599,1.224948,2.109791,1.391892,0.466026,1.188316,0.90009,2.20019,2.004782,0.185758,0
3.489508,1.168042,3.381848,4.105459,0.650148,0.948707,1.256047,2.347847,-0.072405,-0.17322,3.718515,0.600465,3.712513,4.536659,0.927977,1.649897,2.489659,3.58229,-0.042419,-0.722639,1.555309,0.479253,1.462291,1.944135,-0.803359,-0.006044,-0.026649,0.099574,-0.580244,-0.396371,0
-1.285815,-0.370832,-1.150961,-1.025712,-0.450133,0.766771,0.905348,-0.001617,0.378956,1.194443,-1.444295,-0.090674,-1.313928,-1.167189,0.236249,1.759816,1.364734,0.004149,1.892581,3.491898,0.217014,1.259421,0.446983,-0.355043,0.934712,2.259159,2.347726,2.185591,1.73962,1.544058,1
-0.053674,1.182698,-0.037566,-0.162753,2.061664,0.905449,0.316212,0.570903,1.213731,1.903765,-0.087275,1.210157,0.014868,-0.167771,1.411902,1.208328,0.588837,0.481596,1.691779,1.356986,0.252385,0.564527,0.053434,-0.028318,0.879709,0.731139,0.095037,0.707861,0.45982,1.210441,0
-0.221411,0.728364,-0.058416,-0.306902,1.987143,1.781414,1.707974,1.265235,0.818992,2.23626,-0.368449,0.70751,-0.276346,-0.431419,0.885278,1.431955,1.013195,0.507906,1.136836,1.381085,-0.357572,-0.268257,-0.301503,-0.334582,-0.019327,0.732257,0.495243,0.518075,-0.453112,0.68921,0
0.163763,0.401048,0.099449,0.028859,1.447961,0.724786,-0.021054,0.624196,0.47764,1.726435,-0.118517,0.35845,-0.072867,-0.218965,1.604049,1.140102,0.061026,0.28195,1.403355,1.660353,0.643623,0.290561,0.490051,0.233722,0.588031,0.268933,-0.232554,0.435349,-0.688004,0.611669,0
-0.389147,-1.299041,-0.067352,-0.424506,-0.305475,2.1033,2.401216,0.631809,-0.423463,1.876057,-0.351408,-1.205339,-0.289115,-0.405822,-0.623429,0.573453,0.61018,-0.235219,-0.787211,0.18321,-0.731486,-1.409116,-0.234179,-0.527757,-0.513347,1.701382,1.647449,0.308825,-0.954377,1.422261,1
-0.366368,0.453158,-0.356573,-0.408333,-0.901643,-0.570395,-0.936517,-1.106307,-0.34581,-0.535085,-0.274725,0.290965,-0.325775,-0.330454,-1.637537,-0.977725,-0.888883,-0.937847,-0.360051,-0.555362,-0.29405,0.464738,-0.267346,-0.3139,0.253684,-0.277108,-0.612865,-1.010913,0.038467,-0.413771,1
-0.979333,-1.054776,-1.014542,-0.830233,-1.085753,-1.185478,-1.305831,-1.745063,-0.308601,-1.236095,-0.98476,-0.963324,-1.008296,-0.868274,-0.600656,-1.162123,-1.114873,-1.26182,0.424902,-0.43203,-0.268063,1.284821,-0.351996,-0.403887,0.557363,-0.855565,-1.057501,-1.913447,1.465982,-1.05642,1
0.083001,-0.678606,0.123277,-0.032492,-0.130131,0.526946,0.495639,0.407978,0.246298,0.204716,0.083133,-0.639862,0.089834,-0.038933,0.08182,0.181157,-0.109596,-0.17254,0.366487,0.187463,-0.202376,-0.809657,-0.09359,-0.18035,-0.82136,0.282346,0.215729,0.102819,-0.21943,-0.159586,1
-0.161357,-0.34152,-0.207346,-0.271919,-0.730683,-0.758692,-0.916512,-0.967897,-0.868353,-0.671962,-0.078755,-0.483948,-0.145362,-0.188249,-0.605638,-0.814553,-0.936592,-0.96751,-0.721494,-0.552527,-0.673739,-0.654531,-0.678716,-0.493434,-0.814026,-0.91151,-0.754877,-1.13257,-0.977382,-0.789374,1
0.230029,-1.588903,0.191785,0.091617,-0.445749,-0.22688,0.115196,-0.16911,-0.939535,-0.510148,0.324545,-1.484587,0.255419,0.200825,-1.034766,-0.796739,-0.375134,-0.447504,-1.652485,-1.068535,-0.692146,-1.549547,-0.663865,-0.447451,-0.916697,-0.733167,-0.44708,-0.717476,-1.332263,-0.809043,1
0.20725,-1.261587,0.206678,0.000381,-0.454517,-0.339476,-0.273883,0.159785,0.336894,-0.115033,0.179698,-1.058734,0.119491,0.03928,-0.541589,-0.502991,-0.53634,-0.351808,-1.061032,-0.521339,-0.225114,-1.4855,-0.162894,-0.248115,-0.769691,-0.582265,-0.442438,-0.18267,0.131697,-0.382754,1
-0.888216,0.016737,-0.904036,-0.781363,0.439736,-1.002397,-1.241784,-1.437181,0.632947,-1.037706,-0.825712,0.132725,-0.825,-0.761051,0.643316,-0.692695,-1.052023,-1.066224,0.468713,-0.356897,-0.38825,1.35921,-0.449022,-0.455811,1.949753,-0.806941,-0.948182,-1.107752,2.65013,-0.69292,1
-0.428493,0.573662,-0.426569,-0.455973,-0.805204,-0.557036,-0.724371,-0.890242,-0.426699,-0.962341,-0.234963,0.530653,-0.27717,-0.309407,-0.750104,-0.769638,-0.695035,-0.636573,0.012345,-0.827542,-0.516377,0.584485,-0.414865,-0.425889,-0.514347,-0.28102,-0.462332,-0.875468,-0.272705,-0.695568,1
0.101638,-0.854478,0.072641,-0.041633,-0.827122,-0.233241,-0.41541,-0.194995,-1.170878,0.085572,0.259222,-0.59332,0.278486,0.098153,0.175759,0.607566,-0.145504,0.322447,-0.524343,0.835308,-0.119725,-0.679569,-0.278237,-0.120945,-0.972699,-0.407331,-0.395687,-0.284862,-1.209853,-0.211028,1
2.000585,0.091645,1.901492,2.061007,0.75097,1.00087,1.630733,1.269803,0.108787,0.85031,1.534446,-0.090674,1.545908,1.598701,1.326504,1.134417,1.643454,1.477501,-0.071627,0.385927,2.547481,-0.101337,2.163749,2.038743,-0.32834,0.366181,0.811892,0.897646,-0.206112,0.375262,0
0.472316,-0.095626,0.584958,0.26442,0.181104,1.376193,1.105405,0.892184,-0.211534,1.238775,0.600039,-0.120926,0.693271,0.427215,0.728714,1.437641,1.330836,1.073052,0.235053,0.573051,-0.425425,-0.543493,-0.199032,-0.269457,-0.826026,0.521553,0.226339,0.047667,-0.806661,0.108216,0
-0.616938,0.295199,-0.646389,-0.591508,-0.612326,-0.368739,-0.37655,-0.459633,0.133053,-0.6703,-0.501936,-0.174448,-0.533785,-0.535229,-0.824827,-0.685873,-0.783045,-0.766317,-0.765306,-0.303028,-1.029607,-0.585041,-0.998803,-0.684475,-1.194708,-0.838798,-0.670558,-1.011886,-0.972539,-0.922519,1
0.619345,0.052562,0.525386,0.484159,0.974533,-0.094562,0.512911,0.560244,-0.103143,-0.208132,0.378508,0.044296,0.40082,0.267377,0.913744,0.34035,0.725686,0.82414,0.435855,-0.685782,0.249497,-0.781898,0.112838,0.175418,-0.267004,-0.594561,-0.124794,-0.140496,-0.795764,-0.504551,0
-1.078732,-0.18519,-1.087219,-0.888068,0.391516,-0.953351,-0.901735,-0.751071,-1.112638,-0.306218,-1.033042,-0.158159,-1.034246,-0.911788,0.742947,-0.711836,-0.826485,-0.802687,-1.203419,0.453972,-0.926383,0.628029,-0.90643,-0.665707,0.611365,-0.900724,-0.458022,-0.421281,-0.318715,-0.180768,1
1.961239,2.237926,2.303601,1.653171,1.430427,3.904848,3.197605,2.289985,1.919083,2.219635,1.838341,2.336457,1.982524,1.735218,1.525767,3.272144,3.296944,2.658866,2.137194,1.043695,1.157935,0.686088,1.43853,1.009503,-0.173,2.017716,1.302285,0.785721,0.326634,0.904057,0
-0.94827,-0.803996,-0.928759,-0.82531,1.48303,-0.325481,-0.703262,-0.296404,-0.195356,1.820641,-0.871154,-0.504892,-0.853421,-0.820208,1.639632,0.052287,-0.604764,-0.160932,0.519826,2.404595,-0.820273,-0.339016,-0.766337,-0.616864,1.859749,-0.111675,-0.460674,0.170947,0.200712,1.708976,1
-0.281464,0.133984,-0.249939,-0.550021,3.394275,3.893397,1.989588,2.175786,6.046041,4.93501,-0.768909,0.253732,-0.592687,-0.764464,3.283553,3.402909,1.915897,1.451707,2.867383,4.910919,0.326373,-0.110409,0.286593,-0.288378,0.689702,2.74428,0.819518,1.115007,4.73268,2.047511,0
1.157759,0.085131,1.040681,1.076575,0.73782,-0.004231,0.497558,0.554153,0.280271,-0.29458,1.187949,0.300273,1.187553,1.129424,0.742947,0.387729,0.855002,1.17597,0.176638,-0.480229,0.504307,-0.534058,0.174221,0.59455,-0.288338,-0.374915,-0.091637,-0.216734,-0.599617,-0.404693,0
-0.37051,-0.628125,-0.300575,-0.416244,-0.051226,0.003403,-0.303148,-0.204131,1.048717,-0.15327,-0.348568,-0.78414,-0.338956,-0.405822,-0.682497,-0.17532,-0.500433,-0.465301,-0.12274,-0.063453,-0.688897,-0.808569,-0.58268,-0.521376,-0.57235,-0.550408,-0.55683,-0.683249,0.060261,-0.721667,1
-0.743259,-0.867505,-0.788467,-0.674833,-0.892875,-0.422174,-0.308426,-0.899073,-0.502735,0.423054,-0.871154,-1.03779,-0.89214,-0.786932,-1.348605,-1.073809,-0.774382,-1.074916,-1.009919,-0.093223,-0.792843,-0.959341,-0.793563,-0.601903,-0.927364,-0.602944,-0.414254,-1.237358,-1.045186,-0.097552,1
-0.573451,0.374993,-0.558223,-0.577093,0.110966,-0.438078,-0.650489,-0.207176,-0.683926,-0.353321,-0.675185,-0.402501,-0.662299,-0.659801,0.77853,-0.136659,-0.451719,-0.116567,-0.77991,0.563128,0.119927,1.252163,0.140064,-0.212912,-0.151332,-0.409566,-0.481563,0.221232,-0.26544,-0.558641,1
0.892693,0.350566,0.653465,0.66874,-1.103288,-0.852841,-0.226868,0.059289,3.205219,-1.265465,1.085703,0.167631,0.915698,0.930337,-0.878202,-0.703498,-0.199239,0.181612,1.158741,-1.778754,0.52488,-0.005177,0.243031,0.301488,-1.0057,-0.95326,-0.297873,-0.313574,3.583645,-0.715993,0
0.459891,3.885905,0.567086,0.271451,2.451803,1.922,1.430197,1.321574,0.988859,2.020138,0.398389,3.320807,0.483201,0.256,0.707364,1.128731,1.083503,0.904617,1.020006,0.524852,-0.589283,0.110941,-0.476744,-0.381005,-0.565349,0.004575,-0.099594,-0.255665,-1.282863,-0.164881,0
-0.720479,0.407562,-0.70745,-0.656375,-1.656935,0.544758,0.238012,-0.412736,-0.963802,0.863056,-0.641103,0.523672,-0.62358,-0.633919,-2.151351,0.039021,-0.012923,-0.646375,-1.688994,0.470983,-0.538393,0.6117,-0.451002,-0.44217,-0.062329,1.964621,1.151752,0.605669,0.362957,1.940466,1
-1.304866,-0.78934,-1.340697,-1.013934,-2.682695,-1.443878,-1.305831,-1.745063,-1.604443,-1.017203,-1.251733,-0.248914,-1.286742,-1.043186,-1.911524,-1.533193,-1.114873,-1.26182,-0.579108,0.237079,-0.185052,6.655279,-0.314869,-0.410268,-1.776065,-1.04749,-1.057501,-1.913447,2.112542,-0.796939,1
0.271446,0.38802,0.194763,0.151913,-0.340543,-0.280951,0.06914,-0.039684,-1.001011,-0.79831,0.262062,-0.051114,0.217936,0.133704,-0.299627,-0.348157,-0.175008,-0.14365,-0.914994,-0.517087,-0.069196,-0.034207,-0.116857,-0.040639,-0.696355,-0.512962,-0.073732,-0.384946,-1.092406,-0.785592,0
-0.635576,-0.864248,-0.697323,-0.592739,-1.256713,-1.122819,-1.006321,-1.128081,0.000395,-0.893071,-0.484895,-0.988922,-0.550261,-0.507357,-1.216949,-1.334392,-0.982669,-0.976022,-0.969759,-0.745321,-1.046209,-0.984016,-1.044049,-0.689337,-1.258711,-1.148426,-0.842212,-1.303215,-0.404681,-0.921006,1
-0.442989,-0.173791,-0.326191,-0.454742,-1.713045,-0.142909,-0.536308,-0.738889,0.495436,-0.635942,-0.331527,-0.232625,-0.320832,-0.368849,-1.62615,-0.480439,-0.605518,-0.776119,0.227751,-0.539768,-0.61166,0.149042,-0.232199,-0.44283,-1.137372,0.651217,0.08708,-0.185915,0.699555,-0.034006,1
-0.086807,-0.948927,0.039877,-0.199845,-0.033692,0.122361,0.182841,0.68967,-0.339339,-0.394329,0.088814,-0.956343,0.08242,-0.042062,0.237673,-0.04247,-0.049332,0.165104,-0.319891,-0.281764,-0.593975,-0.866265,-0.369322,-0.421048,-0.445011,-0.140179,-0.024991,0.508343,-0.726749,-0.479208,1
-0.279394,-0.054915,-0.322915,-0.344697,-1.129589,-0.834393,-0.89996,-0.540487,-0.611126,-0.989495,-0.019112,-0.490929,-0.091402,-0.130229,-1.132262,-0.961427,-0.778274,-0.423257,-0.622919,-0.731145,-0.919526,0.849379,-0.806434,-0.608723,-0.556682,-0.712488,-0.682163,-0.428418,-0.405891,-0.889233,1
-1.105653,-0.2373,-1.106878,-0.910393,-0.792053,-1.06951,-1.10635,-1.269232,-1.089989,-0.896396,-1.027362,0.884367,-1.034658,-0.912073,0.36577,-0.689284,-0.801626,-0.778182,-0.425768,0.391598,-0.42723,-0.133996,-0.285662,-0.43513,1.043049,-0.617475,-0.440448,0.114173,1.706929,-0.689894,1
-0.192419,-0.523905,-0.29998,-0.271919,-1.545592,-0.457162,-0.555498,-0.828574,-0.891002,-0.765061,-0.109996,-0.321053,-0.158542,-0.198772,-1.204139,-0.76907,-0.753164,-0.919018,-1.236277,-0.991984,-0.560049,-0.833607,-0.640104,-0.415108,-1.40105,-0.5342,-0.467306,-0.96809,-0.878097,-0.688003,1
-1.087016,-1.339752,-1.114026,-0.900022,-0.213419,-0.989865,-1.20182,-1.352369,1.061659,-0.207578,-1.123927,-1.026155,-1.129395,-0.975496,1.212639,-0.449737,-0.978777,-0.929077,3.400421,0.96431,0.399279,0.406679,0.220754,-0.125786,0.15768,-0.809735,-0.803352,-0.584464,2.577483,0.816303,1
-1.388321,0.22192,-1.346356,-1.066496,1.382207,-0.537316,-0.874006,-1.322068,0.115258,-0.378258,-1.570397,0.393356,-1.536767,-1.23175,1.988342,-0.278795,-0.738224,-1.022993,0.059807,0.676536,-0.169532,1.542458,-0.184676,-0.482873,1.62974,0.343266,-0.06279,-0.411548,1.577375,-0.282517,1
0.128559,1.622376,0.176892,-0.056048,0.645764,0.217146,0.515309,0.278552,0.920912,-0.274077,-0.146918,1.256698,-0.173371,-0.234039,-0.269025,-0.487451,-0.451343,-0.466075,-0.184806,-0.212302,-0.628624,-0.384375,-0.551493,-0.451191,-0.984366,-0.767818,-0.462001,-0.797445,-0.885362,-0.881289,0
1.329638,-0.624868,1.335561,1.150408,-0.577257,0.189156,0.624693,1.248486,-0.276245,0.150409,2.057032,-0.974959,2.031952,2.079354,0.266139,0.893733,1.310748,1.975325,0.589194,-0.137169,-0.230167,0.167186,-0.227248,-0.028098,-0.871695,0.071084,0.082106,0.265028,-0.459166,0.216396,0
2.843411,1.293432,3.110797,2.955784,1.09289,2.247704,1.801046,2.620403,-0.882913,1.172276,3.150487,1.307894,3.275896,3.478653,0.707364,3.073153,3.077232,3.49717,0.063458,0.711976,1.776193,0.466552,2.235529,1.75272,0.375022,1.75783,0.842397,1.379409,-1.197745,0.793608,0
-1.068378,0.531323,-1.112239,-0.886486,-0.866574,-1.166203,-1.246581,-1.352369,-0.89262,-0.184857,-1.163689,0.463168,-1.185414,-0.988579,-1.081023,-1.236034,-1.083862,-1.128748,-0.663079,0.225738,-0.794286,0.225245,-0.832671,-0.632265,-0.439011,-1.105559,-0.988733,-1.341334,-0.737646,-0.523463,1
1.71274,1.415565,1.603633,1.744582,0.764121,1.453165,0.917342,1.373344,1.259029,0.817615,1.318595,0.498074,1.274053,1.243188,-0.37008,0.679581,0.215954,0.309034,0.516175,-0.278929,0.855484,0.568156,0.744002,1.054166,0.169014,0.754054,0.240265,1.03228,0.137751,0.2459,0
-0.650071,-1.04012,-0.584136,-0.61647,-1.304933,-0.071025,0.169888,-0.353352,-0.361988,0.237966,-0.544538,-1.209993,-0.543259,-0.548596,-1.087428,-0.494842,-0.256238,-0.6082,-0.604664,-0.178279,-0.500136,-0.700252,-0.380708,-0.448331,-0.878695,0.267256,0.38284,-0.150228,-0.161313,0.31285,1
0.317004,0.383135,0.194763,0.162637,-0.099446,0.481144,0.43567,0.121718,0.443667,0.763308,0.327386,0.726127,0.286312,0.158448,-0.412068,0.01628,-0.440043,-0.420162,-0.308938,0.05279,-0.721019,-1.308602,-0.753466,-0.457791,-1.250377,-0.644302,-0.469295,-0.93873,-1.068191,-0.46143,0
-0.422281,-0.558102,-0.506991,-0.450875,-1.326851,-1.223647,-1.296979,-1.575895,-0.747019,-1.166825,-0.305966,0.004736,-0.3855,-0.363161,-1.121587,-1.259344,-1.106185,-1.154336,0.026949,-1.103975,-0.00423,-0.005177,-0.134183,-0.162308,0.150013,-0.943703,-1.034556,-1.23752,0.164388,-0.304456,1
-0.505114,0.785359,-0.470652,-0.537716,-0.086295,-0.050669,-0.138113,0.089742,0.115258,0.480133,-0.501936,0.584176,-0.502069,-0.536936,-0.614889,-0.187449,-0.359691,-0.295835,0.432204,0.176122,-0.387528,0.517354,-0.328235,-0.426549,0.023675,-0.030635,-0.161266,0.183924,-0.116514,0.252708,1
0.526157,0.275658,0.590915,0.376926,2.429885,1.232425,0.950924,1.341368,1.106957,1.249858,0.21094,-0.60961,0.274778,0.078528,1.411902,1.147683,1.006917,1.039777,1.260968,0.69213,0.077338,-0.48616,0.060859,0.018546,-0.01866,0.008487,-0.059143,0.148237,-0.547553,0.033701,0
-1.159494,1.830816,-1.168535,-0.932895,-0.936711,-0.912002,-0.960889,-1.004137,-0.937918,-0.655891,-1.241793,2.073499,-1.247611,-1.035222,-1.175673,-1.100721,-0.921401,-0.992788,-0.695938,-0.464635,-0.819551,0.853008,-0.803464,-0.639305,-0.150999,-0.714164,-0.576724,-0.92332,-0.581455,-0.577553,1
-0.266969,-1.391862,-0.183517,-0.341005,0.229323,0.098824,-0.069509,-0.360965,0.265711,-0.120575,-0.161119,-1.254207,-0.139183,-0.266177,0.621966,0.2816,-0.128052,-0.113729,0.549034,0.032944,-0.535145,-1.304066,-0.42328,-0.424789,-0.396676,-0.130678,-0.213986,-0.557375,-0.256965,-0.33169,1
0.681469,0.751162,0.555172,0.364621,1.000835,1.232425,0.601665,0.506951,1.767012,1.244317,0.460872,0.22348,0.437892,0.302644,0.436936,0.304342,0.325182,0.404988,0.450458,0.032944,-0.208872,-0.536961,-0.307938,-0.17925,-0.758357,-0.097144,-0.267037,-0.512443,-0.34172,-0.251123,0
-0.032965,-1.19645,-0.040545,-0.207404,0.273159,0.21651,-0.365516,0.421682,-0.502735,-0.34113,0.276263,-0.674768,0.313497,0.055775,1.326504,1.447116,0.313883,0.939439,0.691421,0.265431,0.092858,-0.270071,-0.034681,-0.010937,0.655034,0.915016,0.00485,1.749247,0.361746,0.449777,1
-0.573451,-1.334867,-0.557627,-0.574632,-0.112597,-0.681083,-1.054776,-0.77924,-0.860264,-0.816043,-0.399691,-1.282132,-0.419688,-0.462989,0.022041,-0.386818,-0.953165,-0.765543,-0.633872,-0.25483,-0.810167,-0.950269,-0.755446,-0.593102,-0.325673,-0.764465,-0.839858,-0.619339,-0.823612,-0.908902,1
-0.010186,0.985657,0.185828,-0.126013,0.071514,1.055578,0.632369,0.089742,0.46308,1.017112,0.097334,1.32651,0.15821,0.004297,-0.568632,0.353616,0.151924,-0.258434,0.220449,0.086813,-0.54489,-0.250114,-0.124282,-0.379025,0.032342,1.176579,0.212082,-0.028571,0.016673,0.876066,1
-0.608655,-0.033745,-0.543926,-0.620865,-0.160816,-0.186167,-0.242699,-0.062524,-1.091607,0.05066,-0.425252,0.342161,-0.404448,-0.496265,0.211341,0.313818,0.222232,0.291236,-0.27973,1.120246,-0.226558,1.063471,-0.076759,-0.43689,1.95642,0.835094,0.633839,1.809264,0.108692,0.792851,1
-0.908925,-0.44574,-0.86323,-0.801227,-0.485202,-0.01759,-0.386625,-0.538203,0.063489,-0.447528,-1.001801,-0.079038,-0.934566,-0.877375,0.036986,0.196319,-0.312987,-0.580343,0.402996,0.299453,0.163598,-0.036021,0.279168,-0.291238,0.143013,0.577443,0.054586,0.300714,1.75536,-0.18039,1
-1.410893,0.76419,-1.432735,-1.075813,-1.859019,-1.207552,-1.305831,-1.745063,-0.048138,-0.751207,-1.808401,1.221792,-1.814389,-1.347789,-3.112085,-1.150752,-1.114873,-1.26182,-0.82007,-0.561032,-0.070279,0.383092,-0.157449,-0.466152,0.049342,-1.163516,-1.057501,-1.913447,0.75283,-0.382754,1
-0.52168,0.050934,-0.579073,-0.528926,-0.112597,-0.44762,-0.703741,-0.479428,-0.253596,-0.640929,-0.38833,-0.104636,-0.415981,-0.45019,0.028446,-0.470394,-0.777395,-0.802429,-0.192108,-0.137169,-0.663633,0.123641,-0.658915,-0.507735,-0.477679,-0.50402,-0.55053,-0.291837,-0.175842,-0.628617,1
-0.817808,-1.546564,-0.863528,-0.743743,0.150419,-0.658818,-0.694146,-0.412736,-0.271392,-0.206469,-0.805831,-1.454335,-0.813055,-0.75906,0.140888,-0.535587,-0.704953,-0.551195,-0.155598,-0.013837,-0.775157,-1.247458,-0.842571,-0.597722,-0.189667,-0.796881,-0.632428,-0.478054,-0.438583,-0.369893,1
-0.674921,-0.698148,-0.680345,-0.631237,-0.003007,-0.955896,-0.576127,-0.07166,-0.531855,-0.719066,-0.686545,-0.488602,-0.712139,-0.667195,0.098188,-0.813606,-0.636654,-0.426352,-1.079287,-0.261918,-0.577734,-0.81891,-0.556444,-0.494534,-0.045328,-0.937499,-0.401655,0.008737,-0.190372,-0.803369,1
-0.554813,-0.074456,-0.615412,-0.556174,-0.467667,-0.480063,-0.373672,-0.494807,0.343365,-0.145512,-0.533178,-0.314072,-0.564266,-0.553431,-0.698865,-0.711647,-0.627112,-0.660562,0.578241,-0.073377,-0.668325,-0.425561,-0.684162,-0.524236,-0.50768,-0.550967,-0.39635,-0.628098,-0.309029,-0.495851,1
-0.165498,-0.313836,-0.115009,-0.24432,2.048513,1.721616,1.263243,0.905888,1.754069,2.241802,-0.476375,-0.835335,-0.387148,-0.50565,2.237421,1.244335,0.866302,0.824656,1.005402,1.890005,-0.25507,-0.592662,-0.321304,-0.289258,0.156347,0.445544,0.160025,-0.069124,0.134119,0.486846,0
-0.136507,-1.318583,-0.165645,-0.211623,-0.809587,-0.974344,-0.777623,-0.533787,-0.916886,-1.248287,0.193899,-1.068042,0.110841,0.073409,-0.828386,-1.02681,-0.685995,-0.606394,-0.557202,-1.320868,-0.674821,-1.077091,-0.588621,-0.431609,-0.110997,-0.754964,-0.566114,-0.200513,-0.57419,-0.762518,1
1.865981,-0.014204,1.564912,1.850057,1.693442,2.170731,2.766787,2.072245,-0.245507,2.535505,1.591249,0.123416,1.595336,1.567416,0.700248,1.526713,1.919664,1.250514,-0.287032,0.59148,1.302665,-0.792602,0.618264,1.154494,0.48036,1.402373,1.197177,1.283705,-0.711009,1.310299,0
-0.606584,0.35708,-0.548989,-0.585707,-0.50712,-0.167719,-0.528632,-0.878669,-0.800406,-0.368838,-0.558739,-0.293129,-0.563442,-0.567652,-0.390718,-0.491999,-0.74877,-0.867945,-1.269136,0.006009,-0.67049,-0.048721,-0.588126,-0.529737,-0.710022,-0.492842,-0.594297,-1.076283,-0.726749,-0.732636,1
0.101638,-1.373949,0.036898,-0.032668,-0.441366,-0.391004,-0.110288,-0.346348,-0.444494,-0.746219,0.128576,-1.310057,0.095601,0.011123,0.139464,-0.287323,-0.082603,-0.140039,-0.265127,-0.906928,0.040885,-1.076184,-0.151014,-0.071001,-0.696021,-0.411243,-0.051185,-0.510658,-0.623833,-0.572636,1
-0.012257,0.581805,0.03392,-0.126013,-0.077528,-0.360469,0.30086,0.120195,0.192911,-0.858159,0.100174,0.505055,0.093953,-0.019024,-0.136658,-0.092312,0.396746,0.011887,0.96159,-0.912598,0.054961,1.820053,0.215309,-0.032278,0.776038,0.243224,0.723363,0.943065,0.440447,-0.206489,0
0.008451,-0.533675,-0.025652,-0.093843,2.359748,0.990056,1.75307,1.278939,0.398369,3.133996,-0.288925,-0.867914,-0.196026,-0.354629,3.091407,1.36752,1.485262,1.214661,0.413949,2.001996,-0.051872,-0.5317,-0.225763,-0.124905,0.040342,0.203542,0.757183,0.338023,-0.614146,1.249401,0
-0.763967,0.371736,-0.598731,-0.716671,0.102199,1.466524,2.261608,0.109537,0.658832,2.535505,-0.802991,-0.255896,-0.743031,-0.755078,-0.031333,0.533655,0.828637,-0.525659,0.884921,1.969391,-0.586035,0.771362,-0.24606,-0.526877,-0.125998,1.881346,1.886843,0.217988,-0.071715,1.845903,1
-0.430564,-1.510738,-0.453377,-0.460192,-0.56849,-0.212884,-0.457149,-0.464354,-0.544797,-0.078459,-0.38833,-1.377542,-0.398681,-0.42886,-0.599233,-0.471152,-0.606145,-0.604589,-0.768957,-0.198126,-0.283944,-1.011412,-0.257445,-0.333482,-0.182334,0.123061,-0.017365,-0.179426,-0.391362,0.225852,1
-0.583805,2.01483,-0.660686,-0.565491,-1.672278,-1.285861,-1.305831,-1.745063,-0.795553,-0.915238,-0.527497,2.485389,-0.599278,-0.538926,-1.378495,-1.333445,-1.114873,-1.26182,-0.403862,-0.453294,0.145552,4.409122,0.008881,-0.114565,0.099344,-0.963264,-1.057501,-1.913447,1.315845,-0.249231,1
-0.318739,-0.647666,-0.402145,-0.381613,-0.485202,-0.551311,-0.651448,-0.68118,-0.25845,-0.450299,-0.206561,-0.544452,-0.267285,-0.29149,-1.209121,-0.89794,-0.841049,-0.881874,-0.59006,-0.820454,-0.890652,-1.096686,-0.905935,-0.596622,-0.882362,-0.725342,-0.576392,-1.02389,-0.924107,-0.650934,1
-0.523751,0.114443,-0.456653,-0.507831,0.268776,0.985603,0.854974,1.094698,4.648279,1.055903,-0.660984,-0.630553,-0.534609,-0.633919,0.906628,1.244335,0.967997,0.650804,3.163109,1.546945,-0.308487,0.379464,-0.289622,-0.343602,-0.538015,0.606506,0.483969,1.076077,4.327067,0.317767,0
-0.801242,-0.015832,-0.729789,-0.71755,0.172337,-0.571667,-0.62842,-0.544141,-1.051162,-0.367175,-0.905236,-0.162813,-0.888845,-0.810254,0.287488,-0.563636,-0.494155,-0.50554,-1.188815,0.475236,-0.092295,0.954611,0.075215,-0.320281,0.826041,-0.231279,-0.397676,-0.039926,0.029991,-0.413771,1
0.774656,0.54435,0.781544,0.612486,1.049055,0.822115,1.28915,1.015519,3.174481,0.132121,0.742046,0.535307,0.746818,0.610375,-0.018523,0.554502,0.577537,0.290462,0.308072,-0.884246,0.203299,-0.539139,0.070265,0.106773,-0.421677,-0.027282,0.167651,0.024958,0.889649,-0.427388,0
0.118205,0.322883,0.141149,-0.007178,-0.844656,-0.393548,-0.191846,-0.041207,-0.148441,-1.167934,0.489274,1.084495,0.483201,0.363507,-0.878913,-0.078478,0.13284,0.12177,0.129175,-1.335044,-0.006757,-0.251928,0.018287,-0.082662,0.909377,0.323146,0.617261,1.317769,1.122119,-0.299917,0
-0.966908,-2.223994,-1.00084,-0.820212,0.492339,-0.817853,-0.80353,-1.044183,-1.311625,-0.385462,-0.944998,-2.229249,-0.955573,-0.845521,-0.029909,-0.890359,-0.797107,-0.823838,-1.572164,0.170451,-0.83868,-1.470441,-0.861383,-0.634905,0.256017,-0.87535,-0.693105,-1.046599,-0.968906,-0.633535,1
-1.018678,-1.442344,-1.049987,-0.850976,-0.472051,-1.093302,-1.116904,-1.089406,-1.615768,-0.599367,-0.865474,-1.065715,-0.896259,-0.802575,0.301721,-0.889033,-0.818199,-0.595561,-0.89674,0.551787,-0.714162,1.0671,-0.73713,-0.467692,2.639781,-0.238544,-0.575729,0.654332,1.244409,0.374505,1
-0.604513,0.510153,-0.603497,-0.580082,0.992068,0.268037,0.017326,-0.508663,0.493818,0.30779,-0.697906,0.169958,-0.690308,-0.678856,0.372887,-0.185933,-0.587564,-0.705443,0.172987,0.256925,-0.716327,-0.621147,-0.729209,-0.549978,-0.596684,-0.458749,-0.447411,-1.054061,-0.732803,-0.425118,1
-0.875791,-1.098743,-0.82004,-0.756928,-0.97178,0.169436,0.143501,-0.485519,-1.203234,1.127944,-0.811511,-0.881877,-0.765686,-0.747684,-0.904533,0.133779,0.149413,-0.550679,-0.00591,1.37825,-0.269507,-0.271886,-0.147053,-0.382105,1.113052,2.303312,2.083133,1.406984,-1.011284,3.228412,1
0.310792,-0.885418,0.310928,0.191466,0.733436,0.5015,0.290305,0.161307,0.831934,0.745575,0.281943,-0.607283,0.280545,0.175512,-0.540877,-0.160348,-0.166973,-0.209683,-0.794513,-0.416437,-0.483894,-1.550817,-0.441597,-0.305759,-0.523014,-0.351441,-0.381429,-0.573596,-0.643205,-0.345685,0
1.368983,0.322883,1.368325,1.27522,0.51864,0.021215,0.509552,1.196716,0.262476,-0.01473,1.170908,0.160649,1.138125,1.095295,-0.123136,0.088295,0.300072,0.646935,-0.064325,-0.762332,0.149883,-0.80494,0.15541,0.298627,-0.90903,-0.651568,-0.310141,-0.228089,-0.829666,-0.611218,0
-0.894429,-0.807253,-0.877825,-0.772397,-1.085753,-0.839482,-0.837832,-1.225379,-0.971891,-0.900829,-0.959199,-1.005211,-0.97658,-0.852062,-1.311599,-1.003499,-0.83226,-1.058692,-1.506447,-0.838883,-0.551026,0.040181,-0.524762,-0.497174,-0.164666,-0.428569,-0.388392,-1.003127,-0.464009,-0.542754,1
-0.830233,-0.976611,-0.848337,-0.743216,0.093432,-0.270137,-0.443716,-0.691687,-0.924975,-0.144403,-0.734828,-1.128546,-0.713374,-0.716683,0.247636,0.14515,-0.269044,-0.592724,0.023298,0.711976,-0.457547,0.999969,-0.612877,-0.428529,1.703076,0.874216,0.783709,0.509965,-0.259386,0.649494,1
1.424896,1.356941,1.585762,1.387726,0.733436,1.090566,1.636491,1.068812,0.87885,0.768849,1.278833,1.354435,1.352314,1.231812,0.714481,1.598728,1.796625,1.946952,1.355892,-0.117322,1.53582,0.452038,1.340514,1.422695,-0.264337,0.461752,0.665338,-0.03506,-0.057185,0.289399,0
0.159621,0.834212,0.197742,-0.019835,1.268234,0.652266,0.646282,1.036837,0.450138,1.194443,-0.041833,0.076875,-0.034972,-0.157532,0.686015,0.169787,0.298817,0.405245,-0.520693,0.374586,-0.665437,-0.478177,-0.625748,-0.472752,-0.575683,-0.42298,-0.33302,-0.361588,-1.006441,-0.358924,0
0.114063,0.397791,0.361564,0.014269,1.37344,2.056226,2.031327,0.608969,3.009467,3.117372,-0.649623,-0.137215,-0.578271,-0.60946,1.034726,0.895628,0.414323,0.074825,1.786704,2.153679,0.279093,-0.339016,0.301444,0.014585,-0.49668,0.484107,0.336752,-0.219979,0.264884,0.708123,0
0.60692,2.633636,0.632615,0.478885,3.955374,1.696171,0.923099,1.320051,2.477217,1.366232,-0.090115,1.037954,-0.016848,-0.162367,2.557666,1.373206,0.841192,1.105036,1.604157,1.617825,0.576131,1.293893,0.516288,0.272445,0.594364,0.313085,-0.025654,0.180679,-0.068082,0.268973,0
-1.400331,-1.673582,-1.410693,-1.064738,1.794265,-0.829304,-0.74548,-1.072199,0.516467,0.349906,-1.564717,-1.745219,-1.549947,-1.224071,0.082532,-0.978294,-0.856115,-1.060652,-0.469579,1.286106,-0.899675,-1.156197,-0.900985,-0.704386,1.023049,-0.834327,-0.40066,-0.98204,0.04331,-0.380863,1
1.646474,0.962859,1.454704,1.528359,-0.586024,0.633818,0.660194,0.650081,1.275206,-0.01473,1.741776,0.870405,1.66536,1.732374,-0.397123,0.510913,0.72443,0.977872,1.034609,-0.894169,1.271986,0.530054,0.835582,1.045806,-0.341673,0.522112,0.345705,0.144993,0.729825,0.233039,0
-0.614867,-0.466909,-0.679153,-0.588344,-1.549975,-1.323648,-1.073966,-0.981753,-1.478256,-1.233324,-0.311646,-0.202373,-0.3855,-0.372831,-0.46473,-1.263703,-0.793214,-0.507861,-1.258183,-0.590802,-0.798617,2.041403,-0.839601,-0.57594,-0.896363,-1.150159,-0.612202,-0.025327,0.746776,-0.763275,1
-0.382935,-0.606955,-0.239812,-0.432944,-0.156432,0.451882,0.344038,-0.244025,1.124753,0.427488,-0.325847,0.014044,-0.306827,-0.400703,-0.040584,0.154625,-0.222591,-0.500897,-0.184806,0.368916,-0.493639,-1.180146,-0.198537,-0.433149,-0.438011,0.395243,0.399087,-0.322008,0.843639,0.293938,1
1.646474,0.080246,1.621505,1.528359,-0.419448,-0.147362,0.209227,0.455181,-1.072193,-0.702441,1.804259,0.505055,1.669479,1.851826,-0.911649,-0.395347,0.020348,0.291494,-1.258183,-1.563278,1.01862,-0.319059,1.12765,0.949658,0.306019,0.327058,0.353994,0.797076,-0.863568,0.052235,0
0.604849,1.335771,0.492622,0.473611,-0.625477,-0.630828,-0.605872,-0.22621,0.076431,0.031819,0.537556,0.919273,0.442011,0.406453,-1.017686,-0.713542,-0.700684,-0.404686,-1.035476,-0.826124,-0.092656,-0.054164,-0.198042,0.003805,-1.004034,-0.905921,-0.692442,-0.682114,-0.719485,-0.284787,0
0.942393,0.775589,1.034724,0.760151,-0.318625,-0.08184,0.531141,1.033791,-0.525383,-0.439216,1.540126,0.912292,1.521194,1.476405,0.330188,0.520389,1.21533,1.371746,0.647609,-0.561032,0.741794,2.937689,1.245963,0.654835,1.39973,0.865833,1.418997,3.668187,0.864222,0.924861,0
-0.52168,-0.699776,-0.481077,-0.522949,-0.296707,-0.391004,-0.74596,-0.899073,-0.387872,-0.240273,-0.547378,-0.949362,-0.574975,-0.560257,-0.685343,-0.737042,-0.864527,-0.825385,-0.633872,-0.213719,-0.532979,-0.743071,-0.449022,-0.469232,-0.546015,-0.631448,-0.70902,-1.079365,-0.873254,-0.654338,1
-0.54653,-1.551449,-0.612433,-0.544747,-0.708765,-1.271103,-1.173515,-1.137522,-1.808284,-0.596042,-0.37413,-1.449681,-0.439872,-0.415492,-0.638374,-1.262187,-0.999455,-0.91876,-1.261834,-0.208049,-0.41965,-0.411772,-0.538623,-0.408067,0.497694,-1.06828,-0.85259,-0.711798,-1.197745,-0.167907,1
-0.192419,-1.51888,-0.224919,-0.30655,-0.05561,-0.043671,-0.461946,-0.518408,-0.842468,0.179225,-0.135558,-1.42641,-0.168428,-0.244562,0.007097,-0.326553,-0.626736,-0.60072,-1.648834,0.091065,-0.703695,-1.421091,-0.730199,-0.504655,-0.969366,-0.476634,-0.509747,-0.833293,-0.827245,-0.40091,1
-0.681134,0.006966,-0.723236,-0.640026,-1.046301,-1.069447,-1.040863,-1.179395,-0.756726,-1.014986,-0.672344,0.537634,-0.710491,-0.64558,-0.710963,-1.036286,-0.906837,-0.974217,-1.155957,-0.555362,0.00371,-0.012434,-0.114381,-0.261096,-0.394676,-0.878591,-0.670227,-0.705796,0.425918,-0.766301,1
-0.511326,-0.901702,-0.584434,-0.511699,0.220556,-0.615561,-0.579486,-0.698082,-0.713046,-0.627629,-0.624062,-1.95,-0.652001,-0.603488,-0.543724,-0.983979,-0.78769,-0.79856,-0.768957,-1.047271,-0.552108,-0.311801,-0.602482,-0.470552,-0.288671,-0.751051,-0.60126,-0.967441,-1.16021,-0.733015,1
2.998723,0.124213,2.74741,3.977131,0.172337,-0.581845,0.066741,1.026178,-0.632157,-1.053223,2.153597,-0.47464,2.015476,2.534411,-0.179357,-0.35479,0.351548,0.921641,-0.345447,-1.737644,2.893965,-0.300915,2.409285,4.043098,-0.491013,-0.80247,-0.362529,0.028202,-0.958009,-0.75344,0
0.774656,-1.002666,0.823244,0.608971,-0.301091,0.171344,-0.111727,0.47193,-0.234183,-0.263547,0.977778,-0.986595,0.94865,0.853831,0.150139,0.21527,0.124931,0.789576,-0.265127,-0.185367,0.704258,-0.715493,0.88558,0.45682,-0.471345,0.271168,0.072159,0.282871,-0.15647,-0.020011,0
1.470454,0.984029,1.877663,1.305104,1.382207,2.303684,2.379147,2.073768,4.10794,0.869706,1.719055,1.089149,2.130809,1.678336,2.294354,4.568425,3.598263,2.875535,3.995524,2.639918,1.90035,1.212248,2.862733,1.673514,1.113052,2.396089,2.559931,2.292649,7.071917,0.829163,0
-0.26904,-0.168905,-0.333935,-0.356299,0.448503,-0.104741,-0.024412,-0.199563,0.183204,0.196958,-0.470694,-0.160486,-0.44811,-0.491999,0.234114,0.027651,-0.109847,-0.276232,0.413949,0.132176,-0.032743,-0.313616,-0.182696,-0.221053,-0.029327,-0.355912,-0.161929,-0.231333,-0.329612,-0.079018,1
0.122346,1.49373,0.230506,-0.121794,1.03152,0.96461,0.490362,0.95309,2.949609,1.033737,0.01781,1.051916,0.037111,-0.125678,-0.123136,0.497647,0.285006,0.404988,1.545741,0.217232,0.056044,1.139674,0.330651,-0.205432,1.279726,0.64954,0.16533,0.725704,2.960091,0.368075,0
1.253017,0.008594,1.219396,1.155681,-1.326851,-0.177261,0.232735,0.109537,-0.096672,-1.027177,1.383918,-0.088347,1.294648,1.374017,-1.009858,-0.455991,0.049099,0.189608,0.490619,-1.75182,1.02656,0.227059,1.163293,0.899714,-0.871028,0.102382,0.282043,0.294226,-0.029337,-0.419444,0
-1.512777,-0.605327,-1.489328,-1.122222,-0.11698,-0.754239,-0.975761,-1.354653,0.330422,-0.546168,-1.684571,-0.57005,-1.658278,-1.288347,-0.737294,-0.85113,-0.9155,-1.109197,-0.155598,0.316465,-0.898232,-0.472008,-0.877224,-0.706961,0.642366,-0.50402,-0.530967,-0.953653,0.62933,-0.458783,1
-0.492689,1.638661,-0.548691,-0.5008,-0.423831,-0.586935,-0.135715,-0.7564,-0.855411,-0.638713,-0.354249,2.241047,-0.390031,-0.39985,-1.076753,-0.873682,-0.337092,-0.657467,-0.89674,-0.810531,-0.698642,0.259717,-0.675251,-0.517196,0.457026,-0.22066,0.23496,-0.67741,-0.43495,-0.375945,1
1.948814,1.041024,1.815113,2.006511,0.194255,0.355188,0.8046,1.726601,-1.02366,-0.537302,1.980348,0.286311,1.900144,2.073666,0.034139,0.249383,0.858769,1.717385,-0.940551,-0.877158,0.935247,0.261531,0.829642,0.914235,-0.524681,-0.264254,-0.00145,0.464546,-1.241333,-0.601383,0
1.901185,0.1177,1.752563,2.015301,0.378365,-0.273318,0.664512,1.629151,-1.360158,-0.709091,2.110995,0.721473,2.060786,2.343856,1.041842,0.21906,1.947285,2.320965,-0.312589,-0.931027,2.78208,0.071025,2.379583,2.604187,1.086384,0.191805,0.666001,2.067178,-1.138416,0.16798,0
-0.602442,-0.37246,-0.66009,-0.574808,-0.818354,-1.110223,-1.012222,-0.654838,-1.492816,-0.819922,-0.672344,-0.267531,-0.698958,-0.636479,0.236249,-0.856626,-0.777772,-0.355161,-0.70324,0.010262,0.865589,1.611403,0.62965,0.193019,-0.481679,-0.862272,-0.635743,0.409395,-0.580244,-0.39221,0
0.735311,-1.181794,0.590915,0.579086,-1.4794,-0.982868,-0.80305,-0.475012,-1.808284,-1.398463,1.057302,-1.410121,0.932174,0.959062,-1.279575,-0.799203,-0.556804,-0.184147,-2.159966,-1.469717,0.282341,-0.309987,0.146995,0.233502,-0.890696,-0.961531,-0.6752,-0.707094,-0.910789,-0.940296,1
1.089422,0.062333,1.076424,0.958795,-0.064377,-0.137184,-0.085341,0.522178,0.566618,-0.42647,1.102744,0.295619,1.088697,1.00144,0.266139,0.46543,0.354059,0.740309,1.111279,-0.287435,1.261881,0.129084,1.231112,1.086949,0.318687,0.085056,0.181577,0.759768,1.020413,0.076065,0
2.155897,1.270634,2.062335,2.124291,0.733436,3.207003,1.94689,2.675218,1.936879,2.463465,1.977508,1.694187,2.089619,1.866047,1.262455,3.389643,2.007548,2.59696,2.129892,1.58522,0.810729,-0.823628,0.766278,0.904775,-0.929364,1.235822,0.226339,0.628378,-0.310239,0.567413,0
-0.726692,1.036139,-0.702088,-0.68749,-0.090679,-0.538588,-0.381348,-0.605352,0.103933,-0.405966,-0.944998,0.626063,-0.954749,-0.838979,-0.594251,-0.889033,-0.661136,-0.899672,0.746185,-0.429195,-0.351797,0.733261,-0.309918,-0.44305,-0.166,-0.223454,-0.065774,-0.218356,-0.254543,-0.417931,1
-0.552743,1.246207,-0.596349,-0.550197,-1.239179,-0.998771,-1.040815,-0.900443,-0.803642,-0.97287,-0.59282,2.059536,-0.622756,-0.58301,-0.629123,-0.840327,-0.817697,-0.648697,0.154732,-0.824707,0.725191,2.58752,0.610343,0.101712,0.15868,-0.554879,-0.57175,0.005493,-0.008754,0.033322,1
-0.786746,-0.431084,-0.837316,-0.706651,0.698367,-0.616197,-0.526713,-0.444407,0.257622,-0.893071,-0.79163,-0.158159,-0.791224,-0.749959,0.607733,-0.36673,-0.574758,-0.592724,0.421251,-0.097476,-0.585313,-0.375303,-0.680696,-0.487274,0.512028,-0.506814,-0.361535,-0.117786,0.45982,-0.975096,1
-0.681134,0.762561,-0.678558,-0.644597,-0.05561,-0.458434,-0.533909,0.085174,-0.488175,-0.079567,-0.607021,1.303239,-0.591451,-0.607469,0.472519,-0.230469,-0.431757,-0.159385,0.0306,0.808373,-0.515655,-0.023321,-0.495555,-0.460872,0.426358,-0.292198,-0.283616,0.787343,0.048153,-0.045732,1
-0.643859,-0.245442,-0.659197,-0.642136,0.343297,-0.144817,0.390094,-0.513536,-0.310219,0.246278,-0.541698,0.174612,-0.514838,-0.573909,0.94221,0.205794,-0.088504,-0.703122,1.140487,0.870748,-0.808723,-0.763754,-0.930835,-0.610703,-0.256337,-0.195509,0.257507,-0.308545,-0.888995,0.006845,1
-0.242119,0.042792,-0.288065,-0.318504,0.067131,-0.5036,-0.643293,-0.540487,-0.36037,-0.99282,-0.19236,-0.230298,-0.221152,-0.28381,0.415586,-0.430028,-0.615938,-0.544747,-0.633872,-0.807695,-0.397634,0.283304,-0.379718,-0.332602,-0.385675,-0.590648,-0.436801,-0.394192,-0.206112,-0.748145,1
-0.097161,-1.424431,-0.123945,-0.22973,0.102199,-0.677266,-0.647131,-0.11734,-0.47685,-0.323951,0.114375,-1.235591,0.077889,-0.030401,0.96356,-0.22592,-0.249208,0.4135,-0.59006,-0.22506,-0.357933,-0.899104,-0.357936,-0.322041,-0.302672,-0.724783,-0.522015,-0.070746,0.184972,-0.087718,1
-0.240048,-0.015832,-0.313383,-0.327294,-0.748217,-0.976252,-1.052282,-0.899073,-0.871589,-0.710199,-0.073075,-0.716655,-0.142066,-0.174028,-0.635527,-0.936601,-0.926297,-0.723241,-1.415174,-0.56245,-0.544529,0.26516,-0.558919,-0.431169,-0.467679,-0.980254,-0.883294,-0.933377,-0.617779,-0.646017,1
-0.252473,-0.150993,-0.241004,-0.33749,-0.261639,-0.321664,-0.645212,-0.702802,-1.054398,0.053985,-0.073075,0.328198,-0.090579,-0.199341,-0.041296,-0.048155,-0.651846,-0.65076,-0.699589,0.578721,-0.480646,-0.308173,-0.391104,-0.378805,-0.24767,-0.210041,-0.190445,-0.443666,-0.683161,-0.074101,1
0.279729,1.226666,0.450921,0.028684,0.882478,2.608395,1.351518,2.367641,2.20543,2.413591,0.128576,0.521345,0.224115,-0.028694,0.643316,1.56272,0.674211,1.003666,1.607807,0.913276,-0.543807,-0.423928,-0.374272,-0.424349,-0.863028,0.283464,-0.168561,0.279627,-0.726749,-0.031737,0
-0.430564,-0.134708,-0.388443,-0.50871,0.084665,0.073378,-0.071428,0.170443,0.343365,-0.042993,-0.305966,-0.162813,-0.283349,-0.406391,0.842579,0.493857,0.090781,0.183417,0.815553,0.313629,-0.34133,0.531869,-0.136658,-0.412908,0.255351,0.773615,0.637486,1.129606,0.975614,0.726279,1
0.029159,-1.036863,0.206678,-0.127243,-0.822738,0.689798,0.326287,0.354685,0.086138,-0.018055,0.247862,-0.87955,0.225762,0.084216,-0.900263,0.099666,-0.298172,-0.286807,0.253307,-0.528427,-0.625736,-1.306787,-0.292097,-0.450091,-0.974032,0.368416,0.150741,-0.039926,-0.803029,-0.22351,1
-0.327023,1.620748,-0.302362,-0.351553,-0.945479,-0.690625,-0.925195,-0.864813,-0.334485,-0.739015,-0.18952,2.075826,-0.250397,-0.263902,-1.508016,-1.081769,-0.955299,-0.973701,-1.426127,-0.732562,-0.852755,-0.121295,-0.725744,-0.559439,-0.699688,-0.75161,-0.808558,-1.073364,-0.741279,-0.798452,1
-1.192628,-1.061289,-1.236744,-0.957505,0.790423,-1.012194,-0.96228,-0.645398,-0.232565,-0.120021,-1.295188,-0.786467,-1.308161,-1.067361,-0.834079,-1.202869,-0.907465,-0.831834,-0.951504,0.174704,-0.685649,-0.701704,-0.817325,-0.609383,1.533069,-0.84271,-0.664258,-0.352504,0.39807,-0.096418,1
-1.142928,-0.42457,-1.072624,-0.92639,-0.39753,0.555572,0.776774,-0.508663,0.131435,0.792678,-1.284111,-0.57005,-1.249259,-1.064801,-0.821981,-0.228573,-0.057493,-0.670622,0.819204,1.198214,-0.796813,-0.497046,-0.711388,-0.621924,-0.362341,0.515964,0.609634,-0.533043,-0.368357,0.089304,1
1.317213,1.286918,1.234289,1.245335,-0.213419,0.838655,1.415804,0.892184,0.653979,0.039023,1.60829,1.356762,1.582979,1.527599,0.36577,1.033974,2.080367,1.701909,1.42526,-0.236401,0.325291,-0.032392,-0.050027,0.505884,-0.669353,0.352767,0.519116,-0.221601,-0.576612,-0.215945,0
-0.809525,0.07536,-0.833146,-0.740579,-0.901643,-0.999916,-0.944625,-0.800557,0.592503,-0.776144,-0.78311,-0.093001,-0.815526,-0.736307,-0.656877,-1.028326,-0.813679,-0.701316,0.735232,-0.460382,-0.503745,1.373724,-0.451497,-0.502675,-0.167666,-0.644302,-0.60126,-0.303679,1.648811,-0.327908,1
-1.572003,1.011712,-1.571835,-1.154919,1.193713,0.331651,0.321969,-0.983733,-0.179178,1.2554,-1.827998,1.431228,-1.797089,-1.377937,-0.688901,0.294866,0.046713,-0.90999,0.822855,2.085634,-0.669769,0.475624,-0.703468,-0.629405,2.809788,2.184826,2.010187,0.299092,0.061472,1.420748,1
-0.64593,-1.492825,-0.625539,-0.652156,0.439736,-0.016317,-0.853904,-0.825072,-0.281099,1.089153,-0.632582,-1.079677,-0.570856,-0.631644,1.340737,0.478696,-0.649083,-0.487226,0.669515,2.210384,-0.032382,-1.021573,0.0767,-0.336782,1.043049,1.225762,-0.132751,-0.11292,1.298894,2.128835,1
0.472316,-0.691634,0.421136,0.159648,0.382749,-0.240875,0.303738,0.793211,0.830317,-0.691358,0.233661,-0.400174,0.201048,0.066014,1.447485,0.495752,0.817337,0.962653,0.530779,-0.090388,3.215185,0.426637,2.748876,1.35449,0.98638,0.520995,1.123237,2.630045,3.770106,-0.343416,0
-0.666638,1.73311,-0.660984,-0.631588,0.56686,-0.585662,-0.436999,-0.420653,0.116875,-0.359971,-0.78595,-0.400174,-0.802345,-0.7255,-0.553687,-0.970524,-0.765468,-0.720146,-0.768957,-0.519922,-0.770826,0.613514,-0.74604,-0.586941,-0.550015,-0.868028,-0.671885,-0.960952,-0.863568,-0.807909,1
2.044072,0.401048,1.871706,2.222734,1.316453,0.616006,0.555129,1.438819,1.029304,-0.055738,1.443561,-0.167467,1.381147,1.413834,0.636199,0.423736,0.54615,1.058091,0.384741,-0.451877,1.163349,-0.043278,0.975676,1.367691,-0.194334,-0.135149,-0.081026,0.581337,-0.244857,-0.448948,0
-0.625221,0.23169,-0.627326,-0.614185,0.356447,0.320201,0.040354,-0.012276,0.802814,-0.016393,-0.635423,-0.218663,-0.603397,-0.633351,-0.194302,0.209585,-0.281725,-0.451373,0.567289,0.048537,-0.392942,0.628029,-0.385658,-0.415328,0.610365,0.918928,0.914016,0.981995,0.894492,0.370723,1
-0.612797,-1.207849,-0.672005,-0.60979,-1.261097,-1.076762,-0.982717,-0.482778,0.323951,-0.945716,-0.678025,-1.226283,-0.730262,-0.647287,-1.297366,-1.154922,-0.833014,-0.549132,1.056515,-0.236401,0.565664,0.092797,0.421242,-0.05516,0.33102,-0.618034,-0.555503,1.080943,1.049472,-0.677034,1
0.579999,0.84724,0.480707,0.452516,0.615079,-0.427264,0.092168,0.704897,0.207471,-0.098963,0.156977,0.195555,0.114137,0.084216,0.164372,-0.612909,-0.186433,0.094686,-0.823721,-0.507163,0.243723,0.041996,0.162836,0.111393,-0.441011,-0.774525,-0.395023,-0.114542,-0.780024,-0.646773,0
0.851277,-0.595556,0.775587,0.723235,-0.266022,0.078468,0.752307,0.59222,-0.095054,-0.093975,1.108425,-0.567723,1.051626,0.95309,-0.49035,0.357406,0.253619,0.351336,-0.334494,-0.708463,-0.384641,-1.136239,-0.467833,-0.100484,-0.974699,-0.552085,-0.071079,-0.331417,-0.919264,-0.514007,0
-1.126361,-0.592299,-1.077688,-0.91971,0.601928,-0.188711,-0.450432,-0.47623,-0.339339,0.600939,-1.098366,-0.630553,-1.075848,-0.950184,-0.540166,-0.44879,-0.567727,-0.632962,-0.520693,0.615579,-1.049457,-0.351717,-0.92935,-0.7263,1.076384,0.299672,-0.191108,-0.134007,0.269727,0.792473,1
-0.281464,-0.818652,-0.381891,-0.344521,-2.047074,-1.297121,-1.120358,-1.23756,-0.716282,-1.260478,0.046211,-0.574704,-0.068748,-0.063392,-2.282296,-1.470464,-1.023849,-1.100607,-1.108494,-1.281175,-0.992432,-0.901826,-1.001031,-0.650526,-1.183041,-1.216611,-0.897485,-1.328195,-0.627465,-0.913062,1
-0.008116,0.686025,-0.052459,-0.245902,0.786039,0.866009,0.482686,0.701851,1.281677,0.677967,-0.271884,0.586503,-0.269756,-0.350931,0.055489,0.006804,-0.077958,0.09288,-0.23957,-0.145674,-0.762886,-1.096868,-0.758416,-0.56868,-1.230376,-0.65045,-0.576061,-0.801825,-1.139627,-0.784835,0
0.816073,0.257745,0.757716,0.66874,0.536175,2.074674,1.224383,1.093175,2.215137,2.180844,0.568798,-0.328035,0.619129,0.433188,0.543684,0.97712,0.58507,0.73773,0.680468,0.333476,-0.256875,-0.963695,-0.338135,-0.116765,-0.952032,0.178951,-0.174198,-0.442692,-0.425264,0.008358,0
-0.014328,-1.619844,-0.082245,-0.108082,-0.866574,-0.512506,-0.652408,-0.499832,-0.669366,-0.902492,0.301824,-1.414775,0.234,0.16186,-1.190618,-0.66332,-0.688883,-0.576473,-0.330843,-1.043018,-0.818829,-1.459374,-0.756436,-0.497614,-0.676354,-0.594002,-0.543235,-0.428418,-0.493068,-0.767057,1
-0.757754,0.142126,-0.784595,-0.698741,-0.441366,-0.925997,-0.926107,-0.870904,0.948415,-0.796094,-0.689385,-0.041805,-0.726555,-0.671746,-0.585,-0.981895,-0.916128,-0.965705,0.454109,-0.215137,-0.884517,0.386721,-0.869798,-0.639305,-0.325673,-0.914808,-0.712005,-0.67449,0.356903,-0.807152,1
-1.489377,0.853754,-1.492009,-1.112026,-0.296707,-1.08694,-1.305831,-1.745063,0.254387,0.855298,-1.817206,1.442863,-1.811917,-1.354046,-1.094545,-1.052963,-1.114873,-1.26182,0.213147,1.425031,-0.099152,0.44478,-0.185171,-0.466372,1.873083,-0.88228,-1.057501,-1.913447,1.002252,1.163916,1
1.4601,1.326001,1.320668,1.407063,1.145493,3.086136,1.844223,1.146468,0.666921,2.768252,0.872693,1.217138,0.915698,0.780737,0.764297,1.490705,1.009428,0.787254,0.421251,0.293783,0.669609,-0.319059,0.415301,0.640974,-0.407009,1.714795,0.352336,-0.085345,-0.638362,0.947178,0
0.062293,-0.784455,0.090513,-0.11986,0.382749,0.635726,0.027401,0.360776,-0.504352,1.055903,-0.092956,-0.814392,-0.063393,-0.201331,0.308838,0.448373,-0.136966,0.045677,-0.546249,0.405774,-0.456464,-1.08199,-0.450012,-0.373745,-0.774691,-0.269842,-0.474269,-0.420145,-1.010073,-0.251501,0
-0.266969,-0.641152,-0.264832,-0.370187,-0.607942,-0.520776,-0.607311,-0.223469,0.087755,-0.821585,-0.078755,-0.956343,-0.122707,-0.191946,-0.085419,-0.520426,-0.552536,-0.304605,1.089373,-0.604978,-0.567628,-0.539501,-0.512881,-0.460432,-0.935364,-0.562704,-0.574403,-0.221601,-0.637151,-0.832873,1
0.025018,1.356941,0.129234,-0.129529,1.811799,0.368547,0.521546,0.802347,0.289978,0.520032,-0.101476,0.698202,-0.055155,-0.18768,1.682331,0.423736,0.623991,0.421496,0.081713,0.846648,0.772111,1.624104,1.009833,0.206,2.253098,0.44722,0.489274,1.428072,0.76857,0.193323,0
-0.44713,-0.401772,-0.522778,-0.473728,-0.647394,-0.445075,-0.488812,-0.426439,-0.457437,-0.435337,-0.516137,-0.644516,-0.526371,-0.523284,-0.330228,-0.683219,-0.691519,-0.67578,-0.334494,-0.518504,-0.558244,-0.348088,-0.557434,-0.454491,-0.729023,-0.407331,-0.452053,-0.621447,-0.809083,-0.563936,1
2.671532,1.614234,2.404872,3.048953,0.338913,0.036482,0.207788,1.313961,-0.127409,-0.481332,1.997389,0.872732,1.863073,2.130548,-0.148044,-0.040575,0.262407,0.964717,-0.155598,-1.4201,1.03414,-0.163025,0.71133,1.180456,-0.771024,-0.720312,-0.488858,-0.229711,-1.175951,-0.683842,0
-0.604513,0.453158,-0.677068,-0.591156,-0.445749,-1.041647,-1.132208,-1.138587,-0.560975,-0.658108,-0.518977,-0.062749,-0.58033,-0.541771,-0.941539,-1.181075,-1.017496,-1.041668,-0.995315,-0.474559,-0.798256,0.571784,-0.825245,-0.596182,0.280018,-0.952701,-0.825269,-0.855516,-0.139519,-0.594953,1
0.938252,0.342424,1.261096,0.74433,2.407967,2.146558,3.028252,1.245441,0.556912,1.986889,1.074343,0.402664,1.335838,0.964466,1.895827,2.904485,2.888907,1.828299,1.100326,1.184038,-0.007839,-0.802218,0.127194,0.025806,0.039342,0.654012,0.98663,-0.208624,-0.560872,0.493276,0
-0.701842,-0.450625,-0.525756,-0.641257,0.553709,0.05493,-0.152986,-0.622863,-0.557739,0.53444,-0.490575,-0.374576,-0.432457,-0.532101,0.643316,0.516599,-0.142993,-0.539846,-0.002259,1.165609,-0.824604,0.441152,-0.32774,-0.547998,0.98638,0.417599,0.554262,-0.020461,0.160756,0.835972,1
1.952956,-0.180304,1.663205,1.918616,0.759738,0.393357,0.76526,1.298734,0.773694,0.30779,1.511725,0.00939,1.422337,1.462184,0.508101,0.27402,0.616458,0.954141,-0.130042,-0.897005,0.688377,-1.057134,0.460844,0.674637,-0.797359,-0.41795,-0.146014,0.141749,-0.834509,-0.470887,0
-0.519609,-0.81051,-0.517714,-0.523828,0.746587,-0.245964,0.157414,-0.748025,-0.248743,-0.051859,-0.58998,-1.084331,-0.57374,-0.584717,0.479635,-0.254348,-0.287249,-0.552743,-0.498787,-0.335633,-0.510963,-0.884408,-0.50397,-0.450311,-0.517681,-0.626418,-0.287595,-0.995341,-0.75823,-0.519303,1
-0.606584,-1.281128,-0.473035,-0.589574,0.452886,0.02694,-0.830156,-0.498461,0.919295,0.46905,-0.550218,-1.396158,-0.530902,-0.56623,0.728714,-0.17532,-0.756428,-0.518437,0.249657,0.271101,-0.738704,-0.726742,-0.442092,-0.552179,-0.08933,-0.051314,-0.719962,-0.600522,0.735879,0.131668,1
-1.12429,1.5035,-1.122664,-0.919359,0.264392,-0.529682,-0.346326,-0.355331,-1.091607,-0.061834,-1.089845,1.936202,-1.083262,-0.948477,-0.431283,-0.526112,-0.3617,-0.55558,-0.798164,-0.216555,-0.668686,1.854525,-0.707428,-0.56934,1.669741,0.105176,0.535363,0.878181,-0.255754,0.432378,1
-1.180203,-1.276243,-1.174194,-0.973854,2.307145,-0.283496,-0.82627,-0.639307,1.262264,0.325523,-1.372439,-1.254207,-1.318458,-1.129362,2.89926,0.34414,-0.696541,-0.637347,1.407006,2.007666,-0.185413,-0.157582,-0.236654,-0.455591,2.806454,-0.004367,-0.329041,0.649465,2.352277,0.040131,1
2.019222,-0.274754,2.193393,2.096165,1.632072,1.082296,1.478172,1.677876,0.519703,-0.213673,2.874993,0.211845,3.057588,3.145893,3.440117,3.455973,4.243589,3.92793,3.079138,0.846648,3.983947,3.452962,3.435978,4.238914,5.429894,4.056567,3.179967,1.042013,3.018209,2.299805,0
-0.391218,-0.574386,-0.356573,-0.433999,0.917547,0.826568,0.412642,0.397319,0.532645,1.072528,-0.419572,-0.26055,-0.382205,-0.481476,0.79988,0.550711,-0.108341,0.046967,-0.622919,0.814044,-0.623571,-1.058948,-0.579215,-0.482653,-0.445678,-0.025605,-0.183482,-0.239444,-0.35746,-0.087718,1
0.103709,-1.429316,0.093491,-0.012979,-0.11698,-0.647368,-0.522875,-0.089932,0.260858,-1.287078,0.060412,-1.354271,0.022283,-0.038933,0.192127,-0.532555,-0.396226,-0.074523,0.96159,-1.179108,0.421657,-0.734362,0.444013,0.174978,0.016008,-0.625859,-0.274995,0.172569,0.256408,-0.882046,1
-0.153073,-1.250188,-0.263939,-0.22973,-0.187118,-0.912002,-1.051226,-0.848216,-1.295447,-0.726824,-0.004911,-1.491568,-0.079869,-0.109183,-0.232731,-0.971851,-0.893278,-0.55687,-1.601372,-0.821872,-0.534423,-0.246485,-0.647529,-0.361204,-0.116331,-0.791292,-0.867942,-0.838484,-0.772759,-0.498877,1
-0.648001,0.583433,-0.647878,-0.630885,1.597003,0.074651,0.072498,0.109537,-0.153294,0.389251,-0.706426,-0.223317,-0.691956,-0.689379,1.269571,-0.050051,-0.227236,-0.362899,-0.038768,0.340564,-0.357933,0.798577,-0.351996,-0.433809,0.499694,-0.132913,-0.081026,0.354244,-0.592352,0.017058,1
-0.865437,-0.78934,-0.82004,-0.762026,-1.002465,-0.356652,-0.560775,-0.716658,0.487347,-0.613775,-0.876835,-1.014519,-0.877311,-0.802575,-1.173538,-0.635841,-0.669674,-0.726852,0.698723,-0.04786,-0.869719,-0.337202,-0.784653,-0.630505,-0.581683,-0.360384,-0.486205,-0.784468,-0.210955,-0.701242,1
-0.666638,0.249603,-0.660388,-0.628776,0.448503,-0.226243,-0.747399,-0.486889,0.281889,-0.578309,-0.635423,0.43757,-0.641704,-0.6288,0.097477,-0.438556,-0.794093,-0.699769,0.757138,0.014515,-0.470901,-0.025135,-0.463378,-0.457791,0.951379,0.282346,-0.517041,-0.408791,0.246722,-0.57604,1
-1.353531,-1.629614,-1.331463,-1.048038,-0.511503,-0.067845,-0.617866,-1.016318,-1.046309,1.355149,-1.488033,-1.082004,-1.366651,-1.168611,0.104593,0.924055,-0.034392,-0.521016,0.329977,3.82787,0.436815,-0.661607,0.14947,-0.327761,3.389811,3.811771,0.822834,0.951175,0.589374,6.859624,1
-0.163427,0.259374,-0.040545,-0.258559,-1.304933,0.399718,0.451022,-0.062524,-1.039838,-0.216444,0.131416,0.788958,0.1821,0.006288,-0.827674,0.543131,0.177034,-0.298156,-1.305645,-0.188203,-0.648835,-0.197498,-0.317839,-0.457571,-0.933031,1.168754,1.123568,0.69164,-0.503965,0.231148,1
-1.250611,-1.631243,-1.254913,-0.994422,0.001377,-0.887193,-0.880434,-0.796903,-0.729224,-0.344455,-1.31308,-1.593959,-1.302806,-1.083572,0.429819,-0.747086,-0.743748,-0.726337,0.012345,0.886341,-0.461517,-0.435539,-0.473774,-0.542058,0.855042,-0.623623,-0.399334,0.391552,-0.03297,-0.312777,1
-0.708054,-1.499339,-0.764341,-0.646003,-1.414523,-1.278291,-1.108365,-1.463066,-0.983215,-1.306473,-0.553058,-1.21232,-0.60628,-0.550303,-1.353587,-1.368694,-0.973881,-1.131534,-0.506089,-0.894169,-0.699725,-1.11991,-0.706933,-0.539418,-0.566016,-1.101646,-0.685147,-1.094126,-0.093509,-1.076013,1
-0.724621,-0.269869,-0.732172,-0.677646,0.080281,-0.46734,-0.413491,-0.483082,0.500289,-0.29458,-0.717787,-0.216335,-0.745091,-0.688811,-0.802766,-0.867807,-0.692147,-0.803461,-1.079287,-0.596472,-0.806919,-0.818729,-0.773762,-0.603883,-0.110664,-0.47328,-0.367835,-0.697362,0.084477,-0.388428,1
-0.399502,-0.574386,-0.465887,-0.434351,-0.432599,-0.652457,-0.400538,-0.245091,0.597356,-0.589947,-0.428092,-0.497911,-0.467469,-0.460714,-0.749392,-0.948351,-0.742492,-0.67578,-0.04607,-0.643253,-0.851673,-0.996897,-0.866333,-0.594422,-1.051036,-0.946721,-0.641048,-0.796147,-0.540288,-0.815852,1
0.101638,0.956345,0.087534,-0.023702,-1.08137,0.510406,0.188118,0.246576,0.424254,0.474591,0.245021,0.656315,0.229057,0.110382,-0.797785,-0.034889,-0.253727,-0.262045,0.483317,-0.519922,-0.312457,0.216173,-0.275266,-0.260216,-0.864028,0.145417,0.04066,0.02658,-0.179475,0.083252,1
0.515803,-0.60207,0.507515,0.332978,0.487955,1.231153,1.071822,1.271326,0.191293,0.404213,0.540396,-0.87955,0.5697,0.39337,-0.10321,0.620832,0.396746,0.554335,-0.108136,-0.430613,-0.245686,-0.851387,-0.117352,-0.155488,-0.400676,0.389654,0.174283,0.453192,-0.711009,-0.254905,0
1.097705,0.519924,1.082381,0.978132,-0.511503,1.426448,1.17209,1.294166,-0.970273,2.13097,0.986298,0.940217,1.113411,0.926071,-0.246964,1.82046,1.566869,1.322737,-0.422117,1.54411,1.890244,0.450223,1.452886,1.420495,-0.091663,2.502279,1.127879,1.835218,-0.461587,2.838813,0
-0.461626,-0.748629,-0.430739,-0.49412,0.978917,-0.198253,-0.446594,0.013609,-0.839233,0.087789,-0.359929,-1.389177,-0.376851,-0.426869,1.212639,-0.303242,-0.637784,-0.384824,-0.980711,0.278189,-0.663994,-0.317244,-0.619808,-0.522916,-0.377008,-0.297228,-0.426854,-0.273508,-1.031867,-0.260201,1
-1.360572,-0.913101,-1.380908,-1.046104,-1.479838,-1.284653,-1.235211,-1.533565,0.145995,-0.327276,-1.456224,-1.137854,-1.466743,-1.162069,-1.872383,-1.386888,-1.068658,-1.172263,-0.08623,0.784274,-0.832183,0.159928,-0.852472,-0.67211,0.116012,-1.151053,-0.93545,-1.350255,0.7831,-0.621052,1
1.884619,-0.408286,1.773413,1.87291,1.044671,0.325926,0.689459,1.470795,-0.342574,-0.74234,1.849702,-0.451369,1.764216,1.934305,-0.135234,0.061763,0.802271,1.04442,-0.878485,-1.13658,0.752621,-1.014859,0.620244,0.807087,-0.276671,-0.364855,-0.168561,0.084976,-0.942269,-0.788239,0
-0.743259,-0.662322,-0.731874,-0.686963,-0.787669,-0.479427,-0.717654,-0.90623,-1.120727,-0.419266,-0.757549,-0.262877,-0.757036,-0.716114,-0.557245,-0.519289,-0.695035,-0.874394,-1.462636,-0.052113,-0.279252,-0.2864,-0.193586,-0.382985,-0.129665,0.058229,-0.321083,-0.647077,-0.194004,-0.145212,1
-0.583805,-1.61333,-0.60588,-0.581312,0.864944,-0.579301,-0.527672,-0.61936,-0.193738,-0.189844,-0.5843,-1.361252,-0.58239,-0.596377,0.970677,-0.270077,-0.640169,-0.540104,-0.564504,0.465313,-0.555357,-1.293361,-0.570305,-0.479573,0.095344,-0.779555,-0.461337,-0.618041,-0.111671,-0.590414,1
-0.07024,0.744648,-0.141817,-0.162929,-1.006849,-0.317847,-0.305547,-0.051865,0.150849,-0.691912,-0.195201,0.53298,-0.238451,-0.261342,-1.048999,-0.834452,-0.724413,-0.737944,-0.100834,-0.982061,-0.601554,-0.708235,-0.640599,-0.43579,-1.25371,-0.808059,-0.596618,-0.797283,-0.816347,-0.948996,0
-0.538247,0.076989,-0.587413,-0.523125,0.772888,-0.091382,-0.584763,-0.641591,-0.748637,0.081139,-0.624062,0.521345,-0.635937,-0.615148,0.093918,-0.489914,-0.697043,-0.743876,-0.451325,-0.121575,-0.336999,-0.533695,-0.428726,-0.342062,0.254017,-0.022811,-0.449069,-0.662649,-0.939848,0.02311,1
